{
  "backprop" : true,
  "backpropType" : "Standard",
  "cacheMode" : "NONE",
  "confs" : [ {
    "cacheMode" : "NONE",
    "iterationCount" : 0,
    "l1ByParam" : {
      "b" : 0.0,
      "RW" : 0.0,
      "W" : 0.0
    },
    "l2ByParam" : {
      "b" : 0.0,
      "RW" : 0.0,
      "W" : 0.0
    },
    "layer" : {
      "gravesLSTM" : {
        "activationFn" : {
          "TanH" : { }
        },
        "adamMeanDecay" : "NaN",
        "adamVarDecay" : "NaN",
        "biasInit" : 0.0,
        "biasLearningRate" : 0.1,
        "dist" : null,
        "dropOut" : 0.0,
        "epsilon" : 1.0E-8,
        "forgetGateBiasInit" : 1.0,
        "gateActivationFn" : {
          "Sigmoid" : { }
        },
        "gradientNormalization" : "None",
        "gradientNormalizationThreshold" : 1.0,
        "iupdater" : {
          "@class" : "org.nd4j.linalg.learning.config.RmsProp",
          "epsilon" : 1.0E-8,
          "learningRate" : 0.1,
          "rmsDecay" : 0.95
        },
        "l1" : 0.0,
        "l1Bias" : 0.0,
        "l2" : 0.0,
        "l2Bias" : 0.0,
        "layerName" : "Input",
        "learningRate" : 0.1,
        "learningRateSchedule" : null,
        "momentum" : "NaN",
        "momentumSchedule" : null,
        "nin" : 43,
        "nout" : 200,
        "rho" : "NaN",
        "rmsDecay" : 0.95,
        "updater" : "RMSPROP",
        "weightInit" : "XAVIER"
      }
    },
    "leakyreluAlpha" : 0.0,
    "learningRateByParam" : {
      "b" : 0.1,
      "RW" : 0.1,
      "W" : 0.1
    },
    "learningRatePolicy" : "None",
    "lrPolicyDecayRate" : "NaN",
    "lrPolicyPower" : "NaN",
    "lrPolicySteps" : "NaN",
    "maxNumLineSearchIterations" : 5,
    "miniBatch" : true,
    "minimize" : true,
    "numIterations" : 3,
    "optimizationAlgo" : "STOCHASTIC_GRADIENT_DESCENT",
    "pretrain" : false,
    "seed" : 123,
    "stepFunction" : null,
    "useDropConnect" : false,
    "useRegularization" : false,
    "variables" : [ "W", "RW", "b" ]
  }, {
    "cacheMode" : "NONE",
    "iterationCount" : 0,
    "l1ByParam" : {
      "b" : 0.0,
      "RW" : 0.0,
      "W" : 0.0
    },
    "l2ByParam" : {
      "b" : 0.0,
      "RW" : 0.0,
      "W" : 0.0
    },
    "layer" : {
      "gravesLSTM" : {
        "activationFn" : {
          "TanH" : { }
        },
        "adamMeanDecay" : "NaN",
        "adamVarDecay" : "NaN",
        "biasInit" : 0.0,
        "biasLearningRate" : 0.1,
        "dist" : null,
        "dropOut" : 0.0,
        "epsilon" : 1.0E-8,
        "forgetGateBiasInit" : 1.0,
        "gateActivationFn" : {
          "Sigmoid" : { }
        },
        "gradientNormalization" : "None",
        "gradientNormalizationThreshold" : 1.0,
        "iupdater" : {
          "@class" : "org.nd4j.linalg.learning.config.RmsProp",
          "epsilon" : 1.0E-8,
          "learningRate" : 0.1,
          "rmsDecay" : 0.95
        },
        "l1" : 0.0,
        "l1Bias" : 0.0,
        "l2" : 0.0,
        "l2Bias" : 0.0,
        "layerName" : "Hidden",
        "learningRate" : 0.1,
        "learningRateSchedule" : null,
        "momentum" : "NaN",
        "momentumSchedule" : null,
        "nin" : 200,
        "nout" : 200,
        "rho" : "NaN",
        "rmsDecay" : 0.95,
        "updater" : "RMSPROP",
        "weightInit" : "XAVIER"
      }
    },
    "leakyreluAlpha" : 0.0,
    "learningRateByParam" : {
      "b" : 0.1,
      "RW" : 0.1,
      "W" : 0.1
    },
    "learningRatePolicy" : "None",
    "lrPolicyDecayRate" : "NaN",
    "lrPolicyPower" : "NaN",
    "lrPolicySteps" : "NaN",
    "maxNumLineSearchIterations" : 5,
    "miniBatch" : true,
    "minimize" : true,
    "numIterations" : 3,
    "optimizationAlgo" : "STOCHASTIC_GRADIENT_DESCENT",
    "pretrain" : false,
    "seed" : 123,
    "stepFunction" : null,
    "useDropConnect" : false,
    "useRegularization" : false,
    "variables" : [ "W", "RW", "b" ]
  }, {
    "cacheMode" : "NONE",
    "iterationCount" : 0,
    "l1ByParam" : {
      "b" : 0.0,
      "RW" : 0.0,
      "W" : 0.0
    },
    "l2ByParam" : {
      "b" : 0.0,
      "RW" : 0.0,
      "W" : 0.0
    },
    "layer" : {
      "gravesLSTM" : {
        "activationFn" : {
          "TanH" : { }
        },
        "adamMeanDecay" : "NaN",
        "adamVarDecay" : "NaN",
        "biasInit" : 0.0,
        "biasLearningRate" : 0.1,
        "dist" : null,
        "dropOut" : 0.0,
        "epsilon" : 1.0E-8,
        "forgetGateBiasInit" : 1.0,
        "gateActivationFn" : {
          "Sigmoid" : { }
        },
        "gradientNormalization" : "None",
        "gradientNormalizationThreshold" : 1.0,
        "iupdater" : {
          "@class" : "org.nd4j.linalg.learning.config.RmsProp",
          "epsilon" : 1.0E-8,
          "learningRate" : 0.1,
          "rmsDecay" : 0.95
        },
        "l1" : 0.0,
        "l1Bias" : 0.0,
        "l2" : 0.0,
        "l2Bias" : 0.0,
        "layerName" : "Hidden",
        "learningRate" : 0.1,
        "learningRateSchedule" : null,
        "momentum" : "NaN",
        "momentumSchedule" : null,
        "nin" : 200,
        "nout" : 200,
        "rho" : "NaN",
        "rmsDecay" : 0.95,
        "updater" : "RMSPROP",
        "weightInit" : "XAVIER"
      }
    },
    "leakyreluAlpha" : 0.0,
    "learningRateByParam" : {
      "b" : 0.1,
      "RW" : 0.1,
      "W" : 0.1
    },
    "learningRatePolicy" : "None",
    "lrPolicyDecayRate" : "NaN",
    "lrPolicyPower" : "NaN",
    "lrPolicySteps" : "NaN",
    "maxNumLineSearchIterations" : 5,
    "miniBatch" : true,
    "minimize" : true,
    "numIterations" : 3,
    "optimizationAlgo" : "STOCHASTIC_GRADIENT_DESCENT",
    "pretrain" : false,
    "seed" : 123,
    "stepFunction" : null,
    "useDropConnect" : false,
    "useRegularization" : false,
    "variables" : [ "W", "RW", "b" ]
  }, {
    "cacheMode" : "NONE",
    "iterationCount" : 0,
    "l1ByParam" : {
      "b" : 0.0,
      "W" : 0.0
    },
    "l2ByParam" : {
      "b" : 0.0,
      "W" : 0.0
    },
    "layer" : {
      "rnnoutput" : {
        "activationFn" : {
          "Softmax" : { }
        },
        "adamMeanDecay" : "NaN",
        "adamVarDecay" : "NaN",
        "biasInit" : 0.0,
        "biasLearningRate" : 0.1,
        "dist" : null,
        "dropOut" : 0.0,
        "epsilon" : 1.0E-8,
        "gradientNormalization" : "None",
        "gradientNormalizationThreshold" : 1.0,
        "iupdater" : {
          "@class" : "org.nd4j.linalg.learning.config.RmsProp",
          "epsilon" : 1.0E-8,
          "learningRate" : 0.1,
          "rmsDecay" : 0.95
        },
        "l1" : 0.0,
        "l1Bias" : 0.0,
        "l2" : 0.0,
        "l2Bias" : 0.0,
        "layerName" : "Output",
        "learningRate" : 0.1,
        "learningRateSchedule" : null,
        "lossFn" : {
          "MCXENT" : {
            "softmaxClipEps" : 1.0E-10
          }
        },
        "lossFunction" : "MCXENT",
        "momentum" : "NaN",
        "momentumSchedule" : null,
        "nin" : 200,
        "nout" : 43,
        "rho" : "NaN",
        "rmsDecay" : 0.95,
        "updater" : "RMSPROP",
        "weightInit" : "XAVIER"
      }
    },
    "leakyreluAlpha" : 0.0,
    "learningRateByParam" : {
      "b" : 0.1,
      "W" : 0.1
    },
    "learningRatePolicy" : "None",
    "lrPolicyDecayRate" : "NaN",
    "lrPolicyPower" : "NaN",
    "lrPolicySteps" : "NaN",
    "maxNumLineSearchIterations" : 5,
    "miniBatch" : true,
    "minimize" : true,
    "numIterations" : 3,
    "optimizationAlgo" : "STOCHASTIC_GRADIENT_DESCENT",
    "pretrain" : false,
    "seed" : 123,
    "stepFunction" : null,
    "useDropConnect" : false,
    "useRegularization" : false,
    "variables" : [ "W", "b" ]
  } ],
  "inferenceWorkspaceMode" : "SEPARATE",
  "inputPreProcessors" : { },
  "iterationCount" : 18000,
  "pretrain" : false,
  "tbpttBackLength" : 20,
  "tbpttFwdLength" : 20,
  "trainingWorkspaceMode" : "NONE"
}